-- phpMyAdmin SQL Dump
-- version 5.2.1
-- https://www.phpmyadmin.net/
--
-- Host: localhost:3306
-- Generation Time: Apr 11, 2025 at 04:29 PM
-- Server version: 10.6.20-MariaDB
-- PHP Version: 8.3.14

SET SQL_MODE = "NO_AUTO_VALUE_ON_ZERO";
START TRANSACTION;
SET time_zone = "+00:00";


/*!40101 SET @OLD_CHARACTER_SET_CLIENT=@@CHARACTER_SET_CLIENT */;
/*!40101 SET @OLD_CHARACTER_SET_RESULTS=@@CHARACTER_SET_RESULTS */;
/*!40101 SET @OLD_COLLATION_CONNECTION=@@COLLATION_CONNECTION */;
/*!40101 SET NAMES utf8mb4 */;

--
-- Database: `tnbustim_db`
--

-- --------------------------------------------------------

--
-- Table structure for table `bus_routes`
--

CREATE TABLE `bus_routes` (
  `route_id` int(11) NOT NULL,
  `service_name` varchar(100) NOT NULL,
  `from_place` varchar(50) CHARACTER SET utf16 COLLATE utf16_general_ci NOT NULL,
  `to_place` varchar(50) CHARACTER SET utf16 COLLATE utf16_general_ci NOT NULL,
  `stop1` varchar(100) CHARACTER SET utf16 COLLATE utf16_general_ci NOT NULL,
  `stop1_time` varchar(50) NOT NULL,
  `stop2` varchar(100) NOT NULL,
  `stop2_time` varchar(50) NOT NULL,
  `start_time` varchar(50) NOT NULL,
  `st_time` double NOT NULL,
  `reach_time` varchar(50) NOT NULL,
  `special` varchar(50) NOT NULL
) ENGINE=InnoDB DEFAULT CHARSET=utf16 COLLATE=utf16_unicode_ci;

--
-- Dumping data for table `bus_routes`
--

INSERT INTO `bus_routes` (`route_id`, `service_name`, `from_place`, `to_place`, `stop1`, `stop1_time`, `stop2`, `stop2_time`, `start_time`, `st_time`, `reach_time`, `special`) VALUES
(4, 'அரசு GOVT ', 'திருச்சி', 'ஜெயம்கொண்டம்', '', '', '', '', 'காலை 7.15 AM', 7.15, 'காலை 9.15 AM', '1 TO 1'),
(5, 'அரசு GOVT ', 'திருச்சி', 'ஜெயம்கொண்டம்', '', '', '', '', 'காலை 9.35 AM', 9.35, 'காலை 11.35 AM', '1 TO 1'),
(6, 'அரசு GOVT ', 'திருச்சி', 'ஜெயம்கொண்டம்', '', '', '', '', 'மதியம் 12.55 PM', 12.55, 'மதியம் 2.55 PM', '1 TO 1'),
(7, 'அரசு GOVT ', 'திருச்சி', 'ஜெயம்கொண்டம்', '', '', '', '', 'மதியம் 2.55 PM', 14.55, 'மாலை 4.55 PM', '1 TO 1'),
(8, 'அரசு GOVT ', 'திருச்சி', 'ஜெயம்கொண்டம்', '', '', '', '', 'மாலை 6.35 PM', 18.35, 'இரவு 8.35 PM', '1 TO 1'),
(9, 'அரசு GOVT ', 'திருச்சி', 'ஜெயம்கொண்டம்', '', '', '', '', 'இரவு 7.55 PM', 19.55, 'இரவு 9.55 PM', '1 TO 1'),
(10, 'அரசு GOVT ', 'திருச்சி', 'அரியலூர்', '', '', '', '', 'காலை 8.15 AM', 8.15, 'காலை 9.45 AM', '1 TO 1'),
(11, 'அரசு GOVT ', 'திருச்சி', 'அரியலூர்', '', '', '', '', 'காலை 11.55 AM', 11.55, 'மதியம் 1.25 PM', '1 TO 1'),
(12, 'அரசு GOVT ', 'திருச்சி', 'அரியலூர்', '', '', '', '', 'மாலை 04.05 PM', 16.05, 'மாலை 5.35 PM', '1 TO 1'),
(13, 'அரசு GOVT ', 'திருச்சி', 'அரியலூர்', '', '', '', '', 'இரவு 7.55 PM', 19.55, 'இரவு 9.25 PM', '1 TO 1'),
(14, 'அரசு GOVT ', 'திருச்சி', 'ஸ்ரீமுஷ்ணம்', 'ஜெயம்கொண்டம்', 'மாலை 5.15 PM', 'ஆண்டிமடம்', 'மாலை 6 PM', 'மதியம் 2.45 PM', 14.45, 'மாலை 6.15 PM', ''),
(15, 'அரசு GOVT ', 'திருச்சி', 'ஜெயம்கொண்டம்', 'லால்குடி', 'மதியம் 2.50 PM', '', '', 'மதியம் 2.20 PM', 14.21, 'மாலை 4.50 PM', ''),
(16, 'நடேசன் TRANSPORTS', 'திருச்சி', 'ஜெயம்கொண்டம்', 'லால்குடி', 'காலை 6.50 AM', '', '', 'காலை 6.20 AM', 6.21, 'காலை 8.30 AM', ''),
(17, 'நடேசன் TRANSPORTS', 'திருச்சி', 'ஜெயம்கொண்டம்', 'லால்குடி', 'மாலை 4.50 PM', '', '', 'மாலை 4.20 PM', 16.21, 'மாலை 6.30 PM', ''),
(18, 'ஒவ்வொரு 5 நிமிடத்திற்கும்', 'திருச்சி', 'துறையூர்', '', '', '', '', '', 0, '', ''),
(19, 'அரசு GOVT', 'திருச்சி', 'ஆத்தூர்', 'பெரம்பலூர்', 'மதியம் 3.45 PM', '', '', 'மதியம் 2.30 PM', 14.31, 'மதியம் 5 PM', ''),
(20, 'வேதம்  பஸ் சர்வீஸ்', 'திருச்சி', 'திருமானுர்', 'லால்குடி', 'மதியம் 4.10 PM', '', '', 'மதியம் 3.40 PM', 15.41, 'மாலை 5.15 PM', ''),
(21, 'GVR', 'திருச்சி', 'திட்டக்குடி', 'பெரம்பலூர்', 'மாலை 4.30 PM', '', '', 'மதியம் 3.30 PM', 15.31, 'மாலை 5.30 PM', ''),
(22, 'ESSKAY', 'திருச்சி', 'அரியலூர்', 'லால்குடி', 'மாலை 4.00 PM', '', '', 'மதியம் 3.30 PM', 15.31, 'மாலை 5.30 PM', ''),
(23, 'மணிமேகலை', 'திருச்சி(சத்திரம்)', 'தஞ்சாவூர்', 'லால்குடி', 'காலை 6.10 AM', '', '', 'காலை 5.30 AM', 5.31, 'காலை 8.20 AM', ''),
(24, 'PLA', 'திருச்சி', 'ஆண்டிமடம்', 'லால்குடி', 'மாலை 4.15 PM', '', '', 'மாலை 3.45 PM', 15.45, 'மாலை 6.45 PM', ''),
(25, 'SSR', 'திருச்சி', 'அரியலூர்', 'லால்குடி', 'மாலை 7 PM', '', '', 'மாலை 6.30 PM', 18.31, 'மாலை 8.30 PM', ''),
(26, 'ஸ்ரீவெங்கடேசா', 'திருச்சி', 'அரியலூர்', 'லால்குடி', 'மாலை 7.25 PM', '', '', 'மாலை 6.55 PM', 18.55, 'இரவு 8.55 PM', ''),
(28, 'அரசு GOVT', 'லால்குடி', 'தஞ்சாவூர்', 'திருக்காட்டுப்பள்ளி', 'மாலை 5.00 PM', '', '', 'மாலை 4.15 PM', 16.15, 'இரவு 6.30 PM', ''),
(29, 'அரசு GOVT', 'திருச்சி', 'ஜெயம்கொண்டம்', 'லால்குடி', 'இரவு 7.25 PM', '', '', 'மாலை 6.55 PM', 18.55, 'இரவு 9 PM', ''),
(30, 'அரசு GOVT', 'திருச்சி', 'அரியலூர்', 'லால்குடி', 'மதியம் 12.20 PM', '', '', 'காலை 11.45 AM', 11.45, 'மதியம் 1.45', ''),
(31, 'ஸ்ரீமுருகன்', 'திருச்சி', 'அரியலூர்', 'லால்குடி', 'மதியம் 12.10 PM', '', '', 'காலை 11.30 AM', 11.3, 'மதியம் 1.45', ''),
(32, 'ஸ்ரீமுருகன்', 'திருச்சி', 'அரியலூர்', 'லால்குடி', 'இரவு 8.20 PM', '', '', 'இரவு 7.45 AM', 19.45, 'இரவு 10 PM', ''),
(33, 'அரசு GOVT', 'சிதம்பரம்', 'மதுரை', 'திருச்சி', 'மதியம் 1.10 PM', '', '', 'காலை 8.45 AM', 8.45, 'மாலை 4 PM', ''),
(34, 'அரசு GOVT', 'மதுரை', 'சிதம்பரம்', 'திருச்சி', 'இரவு 9.00 PM', '', '', 'மாலை 5.30 PM', 17.31, 'இரவு 12 மணி', ''),
(35, 'அரசு GOVT', 'திருச்சி', 'செய்யாறு', 'திண்டிவனம்', '', '', '', 'மதியம் 2.15 PM', 14.15, 'இரவு 9.30 மணி', ''),
(36, 'அரசு GOVT', 'திருச்சி', 'வேலூர்', '', '', '', '', 'மதியம் 1.50 PM', 13.51, 'இரவு 9.00 மணி', ''),
(37, 'அரசு GOVT', 'வேலூர்', 'திருச்சி', '', '', '', '', 'காலை 5.10 AM', 5.11, 'மதியம் 12.20 மணி', ''),
(38, 'KRT', 'திருச்சி', 'தஞ்சாவூர்', 'செங்கிப்பட்டி', '', 'வல்லம்', '', 'காலை 4.50 AM', 4.51, 'காலை 6.05 AM', ''),
(39, 'KRT', 'திருச்சி', 'தஞ்சாவூர்', 'செங்கிப்பட்டி', '', 'வல்லம்', '', 'காலை 8.10 AM', 8.11, 'காலை 9.25 AM', ''),
(40, 'KRT', 'திருச்சி', 'தஞ்சாவூர்', 'செங்கிப்பட்டி', '', 'வல்லம்', '', 'மதியம் 2.40 PM', 14.41, 'மதியம்   \n 3.55 PM', ''),
(41, 'KRT', 'திருச்சி', 'தஞ்சாவூர்', 'செங்கிப்பட்டி', '', 'வல்லம்', '', 'மாலை 6.57 PM', 18.57, 'இரவு 8.10 PM', ''),
(42, 'KRT', 'திருச்சி', 'தஞ்சாவூர்', 'செங்கிப்பட்டி', '', 'வல்லம்', '', 'இரவு 10.50 PM', 22.51, 'இரவு 12 மணி', ''),
(43, 'KRT', 'தஞ்சாவூர்', 'திருச்சி', 'செங்கிப்பட்டி', '', 'வல்லம்', '', 'காலை 6.35 AM', 6.35, 'காலை 7.50 AM', ''),
(44, 'KRT', 'தஞ்சாவூர்', 'திருச்சி', 'செங்கிப்பட்டி', '', 'வல்லம்', '', 'காலை 10.00 AM', 10.01, 'காலை 11.15 AM', ''),
(45, 'KRT', 'தஞ்சாவூர்', 'திருச்சி', 'செங்கிப்பட்டி', '', 'வல்லம்', '', 'மாலை 5.10 PM', 17.11, 'மாலை 6.25 PM', ''),
(46, 'KRT', 'தஞ்சாவூர்', 'திருச்சி', 'செங்கிப்பட்டி', '', 'வல்லம்', '', 'இரவு 8.55 PM', 20.55, 'இரவு 10.10 PM', ''),
(47, 'KRT', 'தஞ்சாவூர்', 'திருச்சி', 'செங்கிப்பட்டி', '', 'வல்லம்', '', 'இரவு 1.00 AM', 1.01, 'இரவு 2.10 AM', ''),
(48, 'தீனதயாளன்', 'திருச்சி', 'தஞ்சாவூர்', 'செங்கிப்பட்டி', '', 'வல்லம்', '', 'மதியம் 1.35 PM', 13.35, 'மதியம் 2.50 PM', ''),
(49, 'பரணி', 'திருச்சி', 'தஞ்சாவூர்', 'செங்கிப்பட்டி', '', 'வல்லம்', '', 'மதியம் 1.38 PM', 13.38, 'மதியம் 2.53 PM', ''),
(50, 'ஸ்ரீகிருஷ்ணா', 'திருச்சி', 'தஞ்சாவூர்', 'செங்கிப்பட்டி', '', 'வல்லம்', '', 'மதியம் 1.57 PM', 13.57, 'மதியம் 3.10 PM', ''),
(51, 'MRG', 'திருச்சி', 'தஞ்சாவூர்', 'செங்கிப்பட்டி', '', 'வல்லம்', '', 'மதியம் 1.51 PM', 13.51, 'மதியம் 3.05 PM', ''),
(52, 'அரசு GOVT', 'திருச்சி', 'திருத்துறைப்பூண்டி', 'தஞ்சாவூர்', '', '', '', 'மதியம் 1.40 PM', 13.4, 'மதியம் 2.55 PM', ''),
(53, 'அரசு GOVT', 'திருச்சி', 'கும்பகோணம்', 'தஞ்சாவூர்', '', '', '', 'மதியம் 1.43 PM', 13.43, 'மாலை 4.15 PM', ''),
(54, 'அரசு GOVT', 'திருச்சி', 'கும்பகோணம்', 'தஞ்சாவூர்', '', '', '', 'மதியம் 1.48 PM', 13.48, 'மதியம் 4.20 PM', ''),
(55, 'PLA', 'திருச்சி', 'காரைக்குடி', 'புதுக்கோட்டை', '', '', '', 'மதியம் 2.20 PM', 14.21, 'மாலை 4.30 PM', ''),
(56, 'அரசு GOVT ', 'திருச்சி', 'கோவை', 'கரூர்', '', '', '', 'இரவு 12.15', 0.15, 'காலை 5.15', 'A / C  குளிர்சாதன வசதி'),
(57, 'அரசு GOVT ', 'திருச்சி', 'கோவை', 'கரூர்', '', '', '', 'இரவு 1.35', 1.35, 'காலை 6.35', 'A / C  குளிர்சாதன வசதி'),
(58, 'அரசு GOVT ', 'திருச்சி', 'கோவை', 'கரூர்', '', '', '', 'இரவு 2.10', 2.1, 'காலை 7.10', 'A / C  குளிர்சாதன வசதி'),
(59, 'அரசு GOVT ', 'திருச்சி', 'கோவை', 'கரூர்', '', '', '', 'இரவு 3.40', 3.4, 'காலை 8.40', 'A / C  குளிர்சாதன வசதி'),
(60, 'அரசு GOVT ', 'திருச்சி', 'கோவை', 'கரூர்', '', '', '', 'காலை 5.25 AM', 5.25, 'காலை 10.25', 'A / C  குளிர்சாதன வசதி'),
(61, 'அரசு GOVT ', 'திருச்சி', 'கோவை', 'கரூர்', '', '', '', 'காலை 6.55 AM', 6.55, 'காலை 11.55', 'A / C  குளிர்சாதன வசதி'),
(62, 'அரசு GOVT ', 'திருச்சி', 'கோவை', 'கரூர்', '', '', '', 'காலை 7.35 AM', 7.35, 'காலை 12.35', 'A / C  குளிர்சாதன வசதி'),
(63, 'அரசு GOVT ', 'திருச்சி', 'கோவை', 'கரூர்', '', '', '', 'காலை 8.10 AM', 8.1, 'மதியம் 1.10', 'A / C  குளிர்சாதன வசதி'),
(64, 'அரசு GOVT ', 'திருச்சி', 'கோவை', 'கரூர்', '', '', '', 'காலை 9.10 AM', 9.1, 'மதியம் 2.10', 'A / C  குளிர்சாதன வசதி'),
(65, 'அரசு GOVT ', 'திருச்சி', 'கோவை', 'கரூர்', '', '', '', 'காலை 10.28 AM', 10.28, 'மதியம் 3.28', 'A / C  குளிர்சாதன வசதி'),
(66, 'அரசு GOVT ', 'திருச்சி', 'கோவை', 'கரூர்', '', '', '', 'காலை 10.55 AM', 10.55, 'மதியம் 3.55', 'A / C  குளிர்சாதன வசதி'),
(67, 'அரசு GOVT ', 'திருச்சி', 'கோவை', 'கரூர்', '', '', '', 'காலை 11.25 AM', 11.25, 'மாலை 4.25', 'A / C  குளிர்சாதன வசதி'),
(68, 'அரசு GOVT ', 'திருச்சி', 'கோவை', 'கரூர்', '', '', '', 'காலை 11.50 AM', 11.5, 'மாலை 4.50', 'A / C  குளிர்சாதன வசதி'),
(69, 'அரசு GOVT ', 'திருச்சி', 'கோவை', 'கரூர்', '', '', '', 'மதியம் 1.50 PM', 13.5, 'மாலை 6.50 PM', 'A / C  குளிர்சாதன வசதி'),
(70, 'அரசு GOVT ', 'திருச்சி', 'கோவை', 'கரூர்', '', '', '', 'மதியம் 2.25 PM', 14.25, 'இரவு 7.25 PM', 'A / C  குளிர்சாதன வசதி'),
(71, 'அரசு GOVT ', 'திருச்சி', 'கோவை', 'கரூர்', '', '', '', 'மதியம் 3.40 PM', 15.4, 'இரவு 8.40 PM', 'A / C  குளிர்சாதன வசதி'),
(72, 'அரசு GOVT ', 'திருச்சி', 'கோவை', 'கரூர்', '', '', '', 'மாலை 4.55 PM', 16.55, 'இரவு 9.55 PM', 'A / C  குளிர்சாதன வசதி'),
(73, 'அரசு GOVT ', 'திருச்சி', 'கோவை', 'கரூர்', '', '', '', 'மாலை 5.35 PM', 17.35, 'இரவு 10.35 PM', 'A / C  குளிர்சாதன வசதி'),
(74, 'அரசு GOVT ', 'திருச்சி', 'கோவை', 'கரூர்', '', '', '', 'மாலை 5.50 PM', 17.5, 'இரவு 10.50 PM', 'A / C  குளிர்சாதன வசதி'),
(75, 'அரசு GOVT ', 'திருச்சி', 'கோவை', 'கரூர்', '', '', '', 'மாலை 6.45 PM', 18.45, 'இரவு 11.45 PM', 'A / C  குளிர்சாதன வசதி'),
(76, 'அரசு GOVT ', 'திருச்சி', 'கோவை', 'கரூர்', '', '', '', 'மாலை 7.35 PM', 19.35, 'இரவு 12.35 AM', 'A / C  குளிர்சாதன வசதி'),
(77, 'அரசு GOVT ', 'திருச்சி', 'கோவை', 'கரூர்', '', '', '', 'இரவு 8.55 PM', 20.55, 'இரவு 1.55 AM', 'A / C  குளிர்சாதன வசதி'),
(78, 'அரசு GOVT ', 'திருச்சி', 'கோவை', 'கரூர்', '', '', '', 'இரவு 9.25 PM', 21.25, 'இரவு 2.25 AM', 'A / C  குளிர்சாதன வசதி'),
(79, 'அரசு GOVT ', 'திருச்சி', 'கோவை', 'கரூர்', '', '', '', 'இரவு 9.50 PM', 21.5, 'இரவு 2.50 AM', 'A / C  குளிர்சாதன வசதி'),
(80, 'அரசு GOVT ', 'திருச்சி', 'கோவை', 'கரூர்', '', '', '', 'இரவு 10.25 PM', 22.25, 'அதிகாலை 3.25 AM', 'A / C  குளிர்சாதன வசதி'),
(81, 'அரசு GOVT ', 'திருச்சி', 'கோவை', 'கரூர்', '', '', '', 'இரவு 11.35 PM', 23.35, 'அதிகாலை 4.35 AM', 'A / C  குளிர்சாதன வசதி'),
(82, 'அரசு GOVT ', 'திருச்சி', 'கோவை', 'கரூர்', '', '', '', 'இரவு 11.50 PM', 23.5, 'காலை 4.50 AM', 'A / C  குளிர்சாதன வசதி'),
(83, 'அரசு GOVT ', 'திருச்சி', 'திருப்பூர்', 'கரூர்', '', '', '', 'இரவு 1.15 AM', 1.15, 'காலை 5.30 AM', 'A / C  குளிர்சாதன வசதி'),
(84, 'அரசு GOVT ', 'திருச்சி', 'திருப்பூர்', '', '', '', '', 'இரவு 1.35 AM', 1.35, 'காலை 5.50 AM', 'A / C  குளிர்சாதன வசதி'),
(85, 'அரசு GOVT ', 'திருச்சி', 'திருப்பூர்', '', '', '', '', 'காலை 5.53 AM', 5.53, 'காலை 10.15 AM', 'A / C  குளிர்சாதன வசதி'),
(86, 'அரசு GOVT ', 'திருச்சி', 'திருப்பூர்', '', '', '', '', 'காலை 11.50 AM', 11.5, 'மாலை 4.05 PM', 'A / C  குளிர்சாதன வசதி'),
(87, 'அரசு GOVT ', 'திருச்சி', 'திருப்பூர்', '', '', '', '', 'மாலை 4.35 PM', 16.35, 'இரவு 8.50 PM', 'A / C  குளிர்சாதன வசதி'),
(88, 'அரசு GOVT ', 'திருச்சி', 'திருப்பூர்', '', '', '', '', 'மாலை 5.48 PM', 17.48, 'இரவு 9.05 PM', 'A / C  குளிர்சாதன வசதி'),
(89, 'அரசு GOVT ', 'திருச்சி', 'கரூர்', '', '', '', '', 'காலை 7.10 AM', 7.1, 'காலை 9.10 AM', 'A / C  குளிர்சாதன வசதி'),
(90, 'அரசு GOVT ', 'திருச்சி', 'கரூர்', '', '', '', '', 'காலை 10.05 AM', 10.05, 'மதியம் 12.05 PM', 'A / C  குளிர்சாதன வசதி'),
(91, 'அரசு GOVT ', 'திருச்சி', 'கரூர்', '', '', '', '', 'மதியம் 12.40 PM', 12.4, 'மதியம் 2.40 PM', 'A / C  குளிர்சாதன வசதி'),
(92, 'அரசு GOVT ', 'திருச்சி', 'கரூர்', '', '', '', '', 'இரவு 7.00 PM', 19, 'இரவு 9.00 PM', 'A / C  குளிர்சாதன வசதி'),
(93, 'அரசு GOVT ', 'திருச்சி', 'கரூர்', '', '', '', '', 'இரவு 10.16 PM', 22.16, 'இரவு 12.00 AM', 'A / C  குளிர்சாதன வசதி'),
(94, 'அரசு GOVT ', 'திருச்சி', 'கரூர்', '', '', '', '', 'இரவு 11.15 PM', 23.15, 'இரவு 1.00 AM', 'A / C  குளிர்சாதன வசதி'),
(95, 'அரசு GOVT ', 'திருச்சி', 'திண்டுக்கல்', '', '', '', '', 'காலை 5.00 AM', 5.01, 'காலை 6.30 AM', 'A / C  குளிர்சாதன வசதி'),
(96, 'அரசு GOVT ', 'திருச்சி', 'திண்டுக்கல்', '', '', '', '', 'காலை 7.10 AM', 7.1, 'காலை 8.40 AM', 'A / C  குளிர்சாதன வசதி'),
(97, 'அரசு GOVT ', 'திருச்சி', 'திண்டுக்கல்', '', '', '', '', 'காலை 7.55 AM', 7.55, 'காலை 9.25 AM', 'A / C  குளிர்சாதன வசதி'),
(98, 'அரசு GOVT ', 'திருச்சி', 'திண்டுக்கல்', '', '', '', '', 'காலை 10.15 AM', 10.15, 'காலை 11.45 AM', 'A / C  குளிர்சாதன வசதி'),
(99, 'அரசு GOVT ', 'திருச்சி', 'திண்டுக்கல்', '', '', '', '', 'காலை 11.15 AM', 11.15, 'காலை 12.45 AM', 'A / C  குளிர்சாதன வசதி'),
(100, 'அரசு GOVT ', 'திருச்சி', 'திண்டுக்கல்', '', '', '', '', 'காலை 11.45 AM', 11.45, 'மதியம் 1.15 PM', 'A / C  குளிர்சாதன வசதி'),
(101, 'அரசு GOVT ', 'திருச்சி', 'திண்டுக்கல்', '', '', '', '', 'மதியம் 1.00 PM', 13.01, 'மதியம் 2.30 PM', 'A / C  குளிர்சாதன வசதி'),
(102, 'அரசு GOVT ', 'திருச்சி', 'திண்டுக்கல்', '', '', '', '', 'மதியம் 1.40 PM', 13.41, 'மதியம் 3.10 PM', 'A / C  குளிர்சாதன வசதி'),
(103, 'அரசு GOVT ', 'திருச்சி', 'திண்டுக்கல்', '', '', '', '', 'மதியம் 2.30 PM', 14.31, 'மாலை 4.00 PM', 'A / C  குளிர்சாதன வசதி'),
(104, 'அரசு GOVT ', 'திருச்சி', 'திண்டுக்கல்', '', '', '', '', 'மதியம் 3.00 PM', 15.01, 'மாலை 4.30 PM', 'A / C  குளிர்சாதன வசதி'),
(105, 'அரசு GOVT ', 'திருச்சி', 'திண்டுக்கல்', '', '', '', '', 'மாலை 4.30 PM', 16.31, 'மாலை 6.00 PM', 'A / C  குளிர்சாதன வசதி'),
(106, 'அரசு GOVT ', 'திருச்சி', 'திண்டுக்கல்', '', '', '', '', 'மாலை 5.10 PM', 17.11, 'மாலை 6.40 PM', 'A / C  குளிர்சாதன வசதி'),
(107, 'அரசு GOVT ', 'திருச்சி', 'திண்டுக்கல்', '', '', '', '', 'மாலை 5.45 PM', 17.45, 'இரவு 7.15 PM', 'A / C  குளிர்சாதன வசதி'),
(108, 'அரசு GOVT ', 'திருச்சி', 'திண்டுக்கல்', '', '', '', '', 'மாலை 6.10 PM', 18.1, 'இரவு 7.40 PM', 'A / C  குளிர்சாதன வசதி'),
(109, 'அரசு GOVT ', 'திருச்சி', 'திண்டுக்கல்', '', '', '', '', 'இரவு 7.05 PM', 19.05, 'இரவு 8.35 PM', 'A / C  குளிர்சாதன வசதி'),
(110, 'அரசு GOVT ', 'திருச்சி', 'திண்டுக்கல்', '', '', '', '', 'இரவு 7.45 PM', 19.45, 'இரவு 9.15 PM', 'A / C  குளிர்சாதன வசதி'),
(111, 'அரசு GOVT ', 'திருச்சி', 'திண்டுக்கல்', '', '', '', '', 'இரவு 8.15 PM', 20.15, 'இரவு 9.45 PM', 'A / C  குளிர்சாதன வசதி'),
(112, 'அரசு GOVT ', 'திருச்சி', 'திண்டுக்கல்', '', '', '', '', 'காலை 6.15 AM', 6.15, 'காலை 7.45 AM', '1 TO 1'),
(113, 'அரசு GOVT ', 'திருச்சி', 'திண்டுக்கல்', '', '', '', '', 'காலை 7.35 AM', 7.35, 'காலை 8.50 AM', '1 TO 1'),
(114, 'அரசு GOVT ', 'திருச்சி', 'திண்டுக்கல்', '', '', '', '', 'மதியம் 12.10 PM', 12.11, 'மதியம் 1.40 PM', '1 TO 1'),
(115, 'அரசு GOVT ', 'திருச்சி', 'திண்டுக்கல்', '', '', '', '', 'மாலை 3.20 PM', 15.21, 'மாலை 4.50 PM', '1 TO 1'),
(116, 'அரசு GOVT ', 'திருச்சி', 'திண்டுக்கல்', '', '', '', '', 'இரவு 8.40 PM', 20.4, 'இரவு 10.10 PM', '1 TO 1'),
(117, 'அரசு GOVT ', 'திருச்சி', 'பொள்ளாச்சி', '', '', '', '', 'மாலை 3.30 PM', 15.3, 'இரவு 7.30 PM', 'A / C  குளிர்சாதன வசதி'),
(118, 'அரசு GOVT ', 'திருச்சி', 'பொள்ளாச்சி', '', '', '', '', 'இரவ 11.30 PM', 23.31, 'அதிகாலை 3.30 AM', 'A / C  குளிர்சாதன வசதி'),
(119, 'அரசு GOVT ', 'திருச்சி', 'கம்பம்', 'தேனி', 'மதியம் 12.45 PM', '', '', 'காலை 8.45 AM', 8.45, 'மதியம் 1.15 PM', 'A / C  குளிர்சாதன வசதி'),
(120, 'அரசு GOVT ', 'திருச்சி', 'கம்பம்', 'தேனி', 'மாலை 4.30 PM', '', '', 'மதியம் 12.30 PM', 12.3, 'மாலை 5.00 PM', 'A / C  குளிர்சாதன வசதி'),
(121, 'அரசு GOVT ', 'திருச்சி', 'கம்பம்', 'தேனி', 'இரவு 8.40 PM', '', '', 'மாலை 4.50 PM', 16.5, 'இரவு 9.20 PM', 'A / C  குளிர்சாதன வசதி'),
(122, 'அரசு GOVT ', 'திருச்சி', 'கம்பம்', 'தேனி', 'இரவு 10.35 PM', '', '', 'மாலை 6.35 PM', 18.35, 'இரவு 11.05 PM', 'A / C  குளிர்சாதன வசதி'),
(123, 'அரசு GOVT ', 'திருச்சி', 'மதுரை', '', '', '', '', 'காலை 3.20 AM', 3.2, 'காலை 6.00 AM', 'A / C  குளிர்சாதன வசதி'),
(124, 'அரசு GOVT ', 'திருச்சி', 'மதுரை', '', '', '', '', 'காலை 3.40 AM', 3.4, 'காலை 6.20 AM', 'A / C  குளிர்சாதன வசதி'),
(125, 'அரசு GOVT ', 'திருச்சி', 'மதுரை', '', '', '', '', 'காலை 6.00 AM', 6.01, 'காலை 8.45 AM', 'A / C  குளிர்சாதன வசதி'),
(126, 'அரசு GOVT ', 'திருச்சி', 'மதுரை', '', '', '', '', 'காலை 7.00 AM', 7.01, 'காலை 9.45 AM', 'A / C  குளிர்சாதன வசதி'),
(127, 'அரசு GOVT ', 'திருச்சி', 'மதுரை', '', '', '', '', 'காலை 7.30 AM', 7.31, 'காலை 10.15 AM', 'A / C  குளிர்சாதன வசதி'),
(128, 'அரசு GOVT ', 'திருச்சி', 'மதுரை', '', '', '', '', 'காலை 8.00 AM', 8.01, 'காலை 10.45 AM', 'A / C  குளிர்சாதன வசதி'),
(129, 'அரசு GOVT ', 'திருச்சி', 'மதுரை', '', '', '', '', 'காலை 8.40 AM', 8.41, 'காலை 11.10 AM', 'A / C  குளிர்சாதன வசதி'),
(130, 'அரசு GOVT ', 'திருச்சி', 'மதுரை', '', '', '', '', 'காலை 9.15 AM', 9.15, 'மதியம் 11.45 மணி', 'A / C  குளிர்சாதன வசதி'),
(131, 'அரசு GOVT ', 'திருச்சி', 'மதுரை', '', '', '', '', 'காலை 9.40 AM', 9.4, 'மதியம் 12.10 PM', 'A / C  குளிர்சாதன வசதி'),
(132, 'அரசு GOVT ', 'திருச்சி', 'மதுரை', '', '', '', '', 'காலை 10.10 AM', 10.1, 'மதியம் 12.40 PM', 'A / C  குளிர்சாதன வசதி'),
(133, 'அரசு GOVT ', 'திருச்சி', 'மதுரை', '', '', '', '', 'காலை 10.30 AM', 10.3, 'மதியம் 1.00 PM', 'A / C  குளிர்சாதன வசதி'),
(134, 'அரசு GOVT ', 'திருச்சி', 'மதுரை', '', '', '', '', 'காலை 11.00 AM', 11, 'மதியம் 1.30 PM', 'A / C  குளிர்சாதன வசதி'),
(135, 'அரசு GOVT ', 'திருச்சி', 'மதுரை', '', '', '', '', 'காலை 11.30 AM', 11.3, 'மதியம் 2.00 PM', 'A / C  குளிர்சாதன வசதி'),
(136, 'அரசு GOVT ', 'திருச்சி', 'மதுரை', '', '', '', '', 'காலை 11.40 AM', 11.4, 'மதியம் 2.10 PM', 'A / C  குளிர்சாதன வசதி'),
(137, 'அரசு GOVT ', 'திருச்சி', 'மதுரை', '', '', '', '', 'மதியம் 1.00 PM', 13, 'மாலை 3.30 PM', 'A / C  குளிர்சாதன வசதி'),
(138, 'அரசு GOVT ', 'திருச்சி', 'மதுரை', '', '', '', '', 'மதியம் 1.30 PM', 13.3, 'மாலை 4.00 PM', 'A / C  குளிர்சாதன வசதி'),
(139, 'அரசு GOVT ', 'திருச்சி', 'மதுரை', '', '', '', '', 'மதியம் 2.00 PM', 14, 'மாலை 4.30 PM', 'A / C  குளிர்சாதன வசதி'),
(140, 'அரசு GOVT ', 'திருச்சி', 'மதுரை', '', '', '', '', 'மதியம் 2.30 PM', 14.3, 'மாலை 5.00 PM', 'A / C  குளிர்சாதன வசதி'),
(141, 'அரசு GOVT ', 'திருச்சி', 'மதுரை', '', '', '', '', 'மதியம் 2.40 PM', 14.4, 'மாலை 5.10 PM', 'A / C  குளிர்சாதன வசதி'),
(142, 'அரசு GOVT ', 'திருச்சி', 'மதுரை', '', '', '', '', 'மாலை 3.15 PM', 15.15, 'மாலை 5.45 PM', 'A / C  குளிர்சாதன வசதி'),
(143, 'அரசு GOVT ', 'திருச்சி', 'மதுரை', '', '', '', '', 'மாலை 3.40 PM', 15.4, 'மாலை 6.10 PM', 'A / C  குளிர்சாதன வசதி'),
(144, 'அரசு GOVT ', 'திருச்சி', 'மதுரை', '', '', '', '', 'மாலை 4.10 PM', 16.1, 'மாலை 6.40 PM', 'A / C  குளிர்சாதன வசதி'),
(145, 'அரசு GOVT ', 'திருச்சி', 'மதுரை', '', '', '', '', 'மாலை 4.30 PM', 16.3, 'மாலை 7.00 PM', 'A / C  குளிர்சாதன வசதி'),
(146, 'அரசு GOVT ', 'திருச்சி', 'மதுரை', '', '', '', '', 'மாலை 5.00 PM', 17, 'மாலை 7.30 PM', 'A / C  குளிர்சாதன வசதி'),
(147, 'அரசு GOVT ', 'திருச்சி', 'மதுரை', '', '', '', '', 'மாலை 5.30 PM', 17.3, 'இரவு 8.00 PM', 'A / C  குளிர்சாதன வசதி'),
(148, 'அரசு GOVT ', 'திருச்சி', 'மதுரை', '', '', '', '', 'மாலை 6.00 PM', 18, 'இரவு 8.30 PM', 'A / C  குளிர்சாதன வசதி'),
(149, 'அரசு GOVT ', 'திருச்சி', 'மதுரை', '', '', '', '', 'மாலை 6.30 PM', 18.3, 'இரவு 9.00 PM', 'A / C  குளிர்சாதன வசதி'),
(150, 'அரசு GOVT ', 'திருச்சி', 'மதுரை', '', '', '', '', 'இரவு 7.00 PM', 19, 'இரவு 9.30 PM', 'A / C  குளிர்சாதன வசதி'),
(151, 'அரசு GOVT ', 'திருச்சி', 'மதுரை', '', '', '', '', 'இரவு 7.40 PM', 19.4, 'இரவு 10.10 PM', 'A / C  குளிர்சாதன வசதி'),
(152, 'அரசு GOVT ', 'திருச்சி', 'மதுரை', '', '', '', '', 'இரவு 8.25 PM', 20.2, 'இரவு 11.05 PM', 'A / C  குளிர்சாதன வசதி'),
(153, 'அரசு GOVT ', 'திருச்சி', 'மதுரை', '', '', '', '', 'இரவு 8.49 PM', 20.49, 'இரவு 11.20 PM', 'A / C  குளிர்சாதன வசதி'),
(154, 'அரசு GOVT ', 'திருச்சி', 'மதுரை', '', '', '', '', 'இரவு 9.00 PM', 21, 'இரவு 11.30 PM', 'A / C  குளிர்சாதன வசதி'),
(155, 'அரசு GOVT ', 'திருச்சி', 'மதுரை', '', '', '', '', 'இரவு 11.40 PM', 24.4, 'அதிகாலை 2.10 AM', 'A / C  குளிர்சாதன வசதி'),
(156, 'அரசு GOVT ', 'திருச்சி', 'திருச்செந்தூர்', '', '', '', '', 'மதியம் 12.30 PM', 12.3, 'மாலை 6.30 PM', 'A / C  குளிர்சாதன வசதி'),
(157, 'அரசு GOVT ', 'திருச்சி', 'திருச்செந்தூர்', '', '', '', '', 'இரவு 10.00 PM', 22, 'அதிகாலை 4.30 AM', 'A / C  குளிர்சாதன வசதி'),
(158, 'அரசு GOVT ', 'திருச்சி', 'பழனி', 'திண்டுக்கல்', 'மதியம் 3 PM', '', '', 'மதியம் 1.28 PM', 13.28, 'மாலை 5.15 PM', ''),
(159, 'அரசு GOVT ', 'பழனி', 'திருச்சி', 'திண்டுக்கல்', '', '', '', 'மாலை 6.16 PM', 18.16, 'இரவு 10.00 PM', ''),
(160, 'அரசு GOVT ', 'திருச்சி', 'பொன்னமராவதி', '', '', '', '', 'மதியம் 1.40 PM', 13.4, '', ''),
(161, 'அரசு GOVT ', 'திருச்சி', 'நாகப்பட்டினம்', 'தஞ்சாவூர்', '', 'திருவாரூர்', '', 'மதியம் 1.25 PM', 13.25, 'மாலை 5.00 PM', ''),
(162, 'அரசு GOVT ', 'திருச்சி', 'திருத்துறைப்பூண்டி', 'தஞ்சாவூர்', '', 'மன்னார்குடி', '', 'மதியம் 1.28 PM', 13.28, 'மாலை 5.00 PM', ''),
(163, 'அரசு GOVT ', 'திருச்சி', 'மன்னார்குடி', 'தஞ்சாவூர்', '', '', '', 'மதியம் 1.30 PM', 13.3, 'மாலை 4.00 PM', ''),
(164, 'அரசு GOVT ', 'திருச்சி', 'வேளாங்கண்ணி', 'தஞ்சாவூர்', '', 'திருவாரூர்', '', 'மதியம் 1.35 PM', 13.35, 'மாலை 6.00 PM', ''),
(165, 'அரசு GOVT ', 'திருச்சி', 'திருப்பத்தூர்', 'இலுப்பூர்', '', '', '', 'மதியம் 2.35 PM', 14.35, 'மாலை 5.00 PM', ''),
(166, 'அரசு GOVT ', 'திருப்பத்தூர்', 'திருச்சி', 'இலுப்பூர்', '', '', '', 'மாலை 6.15 PM', 18.15, 'இரவு 8.45 PM', ''),
(167, 'அரசு GOVT ', 'திருச்சி', 'வேதாரண்யம்', 'மன்னார்குடி', '', 'திருத்துறைப்பூண்டி', '', 'மதியம் 1.55 PM', 13.55, 'இரவு 8.00 PM', ''),
(168, 'அரசு GOVT ', 'திருச்சி', 'சத்தியமங்கலம்', 'கருர்', '', 'ஈரோடு', '', 'மதியம் 2.20 PM', 14.2, 'இரவு 11.00 PM', ''),
(169, 'KRM', 'திருச்சி', 'திருவையாறு', 'லால்குடி', 'மதியம் 3.45 PM', '', '', 'மதியம் 3.10 PM', 15.1, 'மாலை 5.30 PM', ''),
(170, 'அரசு GOVT', 'திருச்சி', 'அரியலூர்', 'லால்குடி', '', '', '', 'மதியம் 2.58 PM', 14.58, 'மாலை 5.30 PM', ''),
(171, 'அரசு GOVT', 'திருச்சி', 'அரியலூர்', 'லால்குடி', 'மதியம் 3.40 PM', '', '', 'மதியம் 3.04 PM', 15.04, 'மாலை 5.35 PM', ''),
(172, 'KVG', 'திருச்சி', 'தஞ்சாவூர்', 'திருமழபாடி', 'மாலை 6.00 PM', 'திருவையாறு', '', 'மாலை 4.25 PM', 16.25, 'மாலை 6.45 PM', ''),
(173, 'ஸ்ரீமுருகன்', 'திருச்சி', 'அரியலூர்', 'லால்குடி', 'மாலை 5.15 PM', '', '', 'மாலை 4.40 PM', 16.4, 'மாலை 6.45 PM', ''),
(174, 'PLA', 'திருச்சி', 'ஆண்டிமடம்', 'லால்குடி', 'காலை 8.10 AM', 'ஜெயம்கொண்டம்', 'காலை 9.30 AM', 'காலை 7.40 AM', 7.41, 'காலை 10.15 AM', ''),
(175, 'மஹாலக்ஷ்மி', 'திருச்சி', 'தஞ்சாவூர்', 'செங்கிப்பட்டி', 'மதியம் 12 ', '', '', 'காலை 11.17 AM', 11.17, 'மதியம் 12.30 PM', ''),
(176, 'மஹாலக்ஷ்மி', 'திருச்சி', 'தஞ்சாவூர்', 'செங்கிப்பட்டி', '', '', '', 'மதியம் 2.52 PM', 14.52, 'மாலை 4.07 PM', ''),
(177, 'மஹாலக்ஷ்மி', 'திருச்சி', 'தஞ்சாவூர்', 'செங்கிப்பட்டி', '', '', '', 'இரவு 7.44 PM', 19.44, 'இரவு 9.01 PM', ''),
(178, 'மஹாலக்ஷ்மி', 'திருச்சி', 'திருவையாறு', 'செங்கிப்பட்டி', '', '', '', 'காலை 5.27 AM', 5.27, 'காலை 7 AM', ''),
(179, 'சிதம்பர விலாஸ்', 'திருச்சி', 'தஞ்சாவூர்', 'செங்கிப்பட்டி', '', '', '', 'காலை 7.44 AM', 7.44, 'காலை 9.01 AM', ''),
(180, 'சிதம்பர விலாஸ்', 'திருச்சி', 'தஞ்சாவூர்', 'செங்கிப்பட்டி', '', '', '', 'காலை 11.14 AM', 11.14, 'மதியம் 12.29 PM', ''),
(181, 'சிதம்பர விலாஸ்', 'திருச்சி', 'தஞ்சாவூர்', 'செங்கிப்பட்டி', '', '', '', 'மாலை 3.29 PM', 15.29, 'மாலை 4.45 PM', ''),
(182, 'சிதம்பர விலாஸ்', 'திருச்சி', 'தஞ்சாவூர்', 'செங்கிப்பட்டி', '', '', '', 'இரவு 7.42', 19.42, 'இரவு 9.00 PM', ''),
(183, 'சிதம்பர விலாஸ்', 'திருச்சி', 'தஞ்சாவூர்', 'செங்கிப்பட்டி', '', '', '', 'இரவு 11.15', 23.15, 'இரவு 12.30 PM', ''),
(184, 'மஹாலக்ஷ்மி', 'தஞ்சாவூர்', 'திருச்சி', 'செங்கிப்பட்டி', '', '', '', 'மதியம் 1 PM', 13, 'மதியம் 2.15 PM', ''),
(185, 'மஹாலக்ஷ்மி', 'தஞ்சாவூர்', 'திருச்சி', 'செங்கிப்பட்டி', '', '', '', 'மாலை 5.34 PM', 17.34, 'மாலை 6.49 PM', ''),
(186, 'மஹாலக்ஷ்மி', 'தஞ்சாவூர்', 'திருச்சி', 'செங்கிப்பட்டி', '', '', '', 'இரவு 10.26 PM', 22.26, 'இரவு 11.45 PM', ''),
(187, 'சிதம்பர விலாஸ்', 'தஞ்சாவூர்', 'திருச்சி', 'செங்கிப்பட்டி', '', '', '', 'காலை 9.39 AM', 9.39, 'காலை 10.56 AM', ''),
(188, 'சிதம்பர விலாஸ்', 'தஞ்சாவூர்', 'திருச்சி', 'செங்கிப்பட்டி', '', '', '', 'மதியம் 12.50 PM', 12.5, 'மதியம் 2.05 PM', ''),
(189, 'சிதம்பர விலாஸ்', 'தஞ்சாவூர்', 'திருச்சி', 'செங்கிப்பட்டி', '', '', '', 'மாலை 5.39 PM', 17.39, 'மாலை 6.56 PM', ''),
(190, 'சிதம்பர விலாஸ்', 'தஞ்சாவூர்', 'திருச்சி', 'செங்கிப்பட்டி', '', '', '', 'இரவு 9.32 PM', 21.32, 'இரவு 10.48 PM', ''),
(191, 'சிதம்பர விலாஸ்', 'தஞ்சாவூர்', 'திருச்சி', 'செங்கிப்பட்டி', '', '', '', 'காலை 5.55 AM', 5.55, 'காலை 7.10 AM', ''),
(192, 'கிருஷ்ணா I', 'தஞ்சாவூர்', 'திருச்சி', 'செங்கிப்பட்டி', '', '', '', 'காலை 8.23 AM', 8.23, 'காலை 9.38 AM', ''),
(193, 'கிருஷ்ணா I', 'தஞ்சாவூர்', 'திருச்சி', 'செங்கிப்பட்டி', '', '', '', 'மதியம் 12.25 PM', 12.25, 'மதியம் 1.40 PM', ''),
(194, 'கிருஷ்ணா I', 'தஞ்சாவூர்', 'திருச்சி', 'செங்கிப்பட்டி', '', '', '', 'மாலை 3.37 PM', 15.37, 'மாலை 4.52 PM', ''),
(195, 'கிருஷ்ணா I', 'தஞ்சாவூர்', 'திருச்சி', 'செங்கிப்பட்டி', '', '', '', 'மாலை 6.57 PM', 18.57, 'இரவு 8.13 PM', ''),
(196, 'கிருஷ்ணா I', 'தஞ்சாவூர்', 'திருச்சி', 'செங்கிப்பட்டி', '', '', '', 'இரவு 10.24 PM', 22.24, 'இரவு 11.39 PM', ''),
(197, 'கிருஷ்ணா I', 'தஞ்சாவூர்', 'திருச்சி', 'செங்கிப்பட்டி', '', '', '', 'அதிகாலை 2.33 AM', 2.33, 'அதிகாலை 3.48 AM', ''),
(198, 'கிருஷ்ணா II', 'தஞ்சாவூர்', 'திருச்சி', 'செங்கிப்பட்டி', '', '', '', 'காலை 10.51 AM', 10.51, 'காலை 12.06 PM', ''),
(199, 'கிருஷ்ணா II', 'தஞ்சாவூர்', 'திருச்சி', 'செங்கிப்பட்டி', '', '', '', 'மதியம் 2.22 PM', 14.22, 'மதியம் 3.37 PM', ''),
(200, 'கிருஷ்ணா II', 'தஞ்சாவூர்', 'திருச்சி', 'செங்கிப்பட்டி', '', '', '', 'மாலை 5.32 PM', 17.32, 'மாலை 6.47 PM', ''),
(201, 'கிருஷ்ணா II', 'தஞ்சாவூர்', 'திருச்சி', 'செங்கிப்பட்டி', '', '', '', 'இரவு 9.04 PM', 21.04, 'இரவு 10.19 PM', ''),
(202, 'கிருஷ்ணா II', 'தஞ்சாவூர்', 'திருச்சி', 'செங்கிப்பட்டி', '', '', '', 'இரவு 12.22 PM', 22.22, 'அதிகாலை 1.35 PM', ''),
(203, 'கிருஷ்ணா II', 'தஞ்சாவூர்', 'திருச்சி', 'செங்கிப்பட்டி', '', '', '', 'காலை 6.00 AM', 6, 'காலை 7.15 AM', ''),
(204, 'கிருஷ்ணா II', 'திருச்சி', 'தஞ்சாவூர்', 'செங்கிப்பட்டி', '', '', '', 'காலை 7.52 AM', 7.52, 'காலை 9.07 AM', ''),
(205, 'கிருஷ்ணா II', 'திருச்சி', 'தஞ்சாவூர்', 'செங்கிப்பட்டி', '', '', '', 'மதியம் 12.42 PM', 12.42, 'மதியம் 1.57 PM', ''),
(206, 'கிருஷ்ணா II', 'திருச்சி', 'தஞ்சாவூர்', 'செங்கிப்பட்டி', '', '', '', 'மாலை 3.57 PM', 15.57, 'மாலை 5.12 PM', ''),
(207, 'கிருஷ்ணா II', 'திருச்சி', 'தஞ்சாவூர்', 'செங்கிப்பட்டி', '', '', '', 'இரவு 7.47 PM', 19.47, 'இரவு 9.02 PM', ''),
(208, 'கிருஷ்ணா II', 'திருச்சி', 'தஞ்சாவூர்', 'செங்கிப்பட்டி', '', '', '', 'இரவு 10.41 PM', 22.41, 'இரவு 11.56 PM', ''),
(209, 'கிருஷ்ணா II', 'திருச்சி', 'தஞ்சாவூர்', 'செங்கிப்பட்டி', '', '', '', 'அதிகாலை 1.52 AM', 1.52, 'அதிகாலை 3.17 AM', ''),
(210, 'கிருஷ்ணா I', 'திருச்சி', 'தஞ்சாவூர்', 'செங்கிப்பட்டி', '', '', '', 'காலை 6.12 AM', 6.12, 'காலை 7.27 AM', ''),
(211, 'கிருஷ்ணா I', 'திருச்சி', 'தஞ்சாவூர்', 'செங்கிப்பட்டி', '', '', '', 'காலை 10.24 AM', 10.24, 'காலை 11.39 AM', ''),
(212, 'கிருஷ்ணா I', 'திருச்சி', 'தஞ்சாவூர்', 'செங்கிப்பட்டி', '', '', '', 'மதியம் 2.01 PM', 14.01, 'மதியம் 3.16 PM', ''),
(213, 'கிருஷ்ணா I', 'திருச்சி', 'தஞ்சாவூர்', 'செங்கிப்பட்டி', '', '', '', 'மாலை 5.12 PM', 17.12, 'மாலை 6.27 PM', ''),
(214, 'கிருஷ்ணா I', 'திருச்சி', 'தஞ்சாவூர்', 'செங்கிப்பட்டி', '', '', '', 'இரவு 9.07 PM', 21.07, 'இரவு 10.22 PM', ''),
(215, 'கிருஷ்ணா I', 'திருச்சி', 'தஞ்சாவூர்', 'செங்கிப்பட்டி', '', '', '', 'இரவு 12.52 AM', 24.52, 'அதிகாலை 2.07 AM', ''),
(216, 'அரசு GOVT', 'திருச்சி', 'அரியலூர்', 'லால்குடி', 'மதியம் 12.10 PM', 'கீழப்பழூர்', 'மதியம் 1.30 PM', 'காலை 11.45 AM', 11.45, 'மதியம் 2.00 PM', ''),
(217, 'உதயகுமார்', 'அரியலூர்', 'கும்பகோணம்', 'கீழப்பழூர்', '1.30 PM', 'திருவையாறு', 'மதியம் 2.15 PM', 'மதியம் 1.00 PM', 13, '\'மதியம் 3.30 PM', ''),
(218, 'அரசு GOVT', 'அரியலூர்', 'தஞ்சாவூர்', 'கீழப்பழூர்', '1.35 PM', 'திருவையாறு', 'மதியம் 2.15 PM', 'மதியம் 1.15 PM', 13.15, '\'மதியம் 2.35 PM', ''),
(219, 'அரசு GOVT ', 'தஞ்சாவூர்', 'திருச்சி', '', '', '', '', 'மாலை 3.45 PM', 15.45, 'மாலை 5.00 PM', 'A / C  குளிர்சாதன வசதி'),
(220, 'அரசு GOVT ', 'தஞ்சாவூர்', 'ஈரோடு', 'திருச்சி', 'மாலை 5.00 PM', 'கரூர்', 'இரவு 7.30 PM', 'மாலை 3.45 PM', 15.45, 'இரவு 9.30 PM', ''),
(221, 'MRG', 'தஞ்சாவூர்', 'திருச்சி', 'செங்கிப்பட்டி', '', '', '', 'மாலை 3.50 PM', 15.5, 'மாலை 5.05 PM', ''),
(222, 'அரசு GOVT', 'தஞ்சாவூர்', 'புதுக்கோட்டை', 'கந்தர்வகோட்டை', '', '', '', 'மாலை 3.50 PM', 15.5, 'மாலை 5.15 PM', ''),
(223, 'ஸ்ரீசக்திமுருகன்', 'தஞ்சாவூர்', 'கும்பகோணம்', 'பாபநாசம்', '', '', '', 'மாலை 4.02 PM', 16.02, 'மாலை 5.15 PM', ''),
(224, 'ஸ்ரீஷண்முகம்', 'தஞ்சாவூர்', 'சிதம்பரம்', 'கும்பகோணம்', 'மாலை 5.30 PM', 'மாயவரம்(மயிலாடுதுறை)', 'மாலை 6.30 PM', 'மாலை 4.15 PM', 16.15, 'இரவு 7.45 PM', ''),
(225, 'செந்தில்', 'தஞ்சாவூர்', 'மாயவரம்(மயிலாடுதுறை)', 'கும்பகோணம்', 'மாலை 5.30 PM', '', '', 'மாலை 4.45 PM', 16.45, 'இரவு 7.15 PM', ''),
(226, 'தமிழ்நாடு எக்ஸ்பிரஸ்', 'தஞ்சாவூர்', 'திருத்துறைப்பூண்டி', 'மன்னார்குடி', 'மாலை 5.30 PM', '', '', 'மாலை 4.45 PM', 16.45, 'இரவு 7.15 PM', ''),
(227, 'SM', 'தஞ்சாவூர்', 'பட்டுக்கோட்டை', 'ஒரத்தநாடு', 'மாலை 5.30 PM', '', '', 'மாலை 4.52 PM', 16.52, 'மாலை 6.10 PM', ''),
(228, 'SR', 'திருச்சி', 'ஆத்தூர்', 'பெரம்பலூர்', 'இரவ 7.10 PM', '', '', 'மாலை 6.15 PM', 18.15, 'இரவு 9.00 PM', ''),
(229, 'ராமஜெயம்', 'திருச்சி', 'சேலம்', 'நாமக்கல்', 'காலை 7.30 AM', '', '', 'காலை 5.45 AM', 5.45, 'காலை 9.00 AM', ''),
(230, 'ராமஜெயம்', 'திருச்சி', 'சேலம்', 'நாமக்கல்', 'காலை 9.20 AM', '', '', 'காலை 7.40 AM', 7.4, 'காலை 11.00 AM', ''),
(231, 'ராமஜெயம்', 'திருச்சி', 'சேலம்', 'நாமக்கல்', 'காலை 8.45 AM', '', '', 'காலை 9.00 AM', 9.01, 'மதியம் 12.30 PM', ''),
(232, 'ராமஜெயம்', 'திருச்சி', 'சேலம்', 'நாமக்கல்', 'காலை 1.00 PM', '', '', 'காலை 11.00 AM', 11.01, 'மதியம் 2.30 PM', ''),
(233, 'ராமஜெயம்', 'திருச்சி', 'சேலம்', 'நாமக்கல்', 'மதியம் 1.45 PM', '', '', 'மதியம் 12.00 NOON', 12.01, 'மாலை 3.45 PM', ''),
(234, 'ராமஜெயம்', 'திருச்சி', 'சேலம்', 'நாமக்கல்', 'மதியம் 3.45 PM', '', '', 'மதியம் 2.00 PM', 14.01, 'மாலை 5.45 PM', ''),
(235, 'ராமஜெயம்', 'திருச்சி', 'சேலம்', 'நாமக்கல்', 'மாலை 6.45 PM', '', '', 'மாலை 5.00 PM', 17.01, 'இரவு 8.45 PM', ''),
(236, 'ராமஜெயம்', 'திருச்சி', 'சேலம்', 'நாமக்கல்', 'இரவ 8.25 PM', '', '', 'மாலை 6.40 PM', 18.4, 'இரவு 10.30 PM', ''),
(237, 'ராமஜெயம்', 'திருச்சி', 'சேலம்', 'நாமக்கல்', 'இரவ 2.15 AM', '', '', 'இரவ 12.50 AM', 24.5, 'அதிகாலை 4.30 AM', ''),
(238, 'லேனா', 'திருச்சி', 'புதுக்கோட்டை', '', '', '', '', 'காலை 8.25 AM', 8.25, 'காலை 9.30 AM', ''),
(239, 'லேனா', 'திருச்சி', 'புதுக்கோட்டை', '', '', '', '', 'மதியம் 12.15 PM', 12.15, 'மதியம் 1.35 PM', ''),
(240, 'லேனா', 'திருச்சி', 'புதுக்கோட்டை', '', '', '', '', 'மாலை 5.25 PM', 17.25, 'மாலை 6.45 PM', ''),
(241, 'லேனா', 'திருச்சி', 'புதுக்கோட்டை', '', '', '', '', 'இரவு 8.40 PM', 20.4, 'இரவு 9.40 PM', ''),
(242, 'லேனா', 'புதுக்கோட்டை', 'திருச்சி', '', '', '', '', 'இரவு 7.10 PM', 19.1, 'இரவு 8.10 PM', ''),
(243, 'லேனா', 'புதுக்கோட்டை', 'திருச்சி', '', '', '', '', 'மாலை 3.10 PM', 15.1, 'மாலை 4.25 PM', ''),
(244, 'லேனா', 'புதுக்கோட்டை', 'திருச்சி', '', '', '', '', 'காலை 10.10 AM', 10.1, 'காலை 11.15 AM', ''),
(245, 'லேனா', 'புதுக்கோட்டை', 'திருச்சி', '', '', '', '', 'காலை 6.20 AM', 6.2, 'காலை 7.40 AM', ''),
(246, 'ஸ்ரீ கணேஷ் முருகன்', 'திருச்சி', 'கரூர்', '', '', '', '', 'மாலை 4.45 PM', 16.45, 'மாலை 6.45 PM', ''),
(247, 'குமரன்', 'திருச்சி', 'கரூர்', '', '', '', '', 'மாலை 4.55 PM', 16.55, 'மாலை 6.55 PM', ''),
(248, 'VKA', 'திருச்சி', 'கரூர்', '', '', '', '', 'மாலை 5.15 PM', 17.15, 'மாலை 7.15 PM', ''),
(249, 'ஸ்ரீ வேலவன்', 'திருச்சி', 'தம்மம்பட்டி', 'துறையூர்', 'இரவ 7.45 PM', '', '', 'மாலை 6.45 PM', 18.45, 'இரவு 9.00 PM', ''),
(250, 'MRG', 'திருச்சி', 'தஞ்சாவூர்', '', '', '', '', 'மாலை 6.12 PM', 18.12, 'இரவு 7.30 PM', ''),
(251, 'அரசு GOVT', 'திருச்சி', 'திருவண்ணாமலை', '', '', '', '', 'மாலை 6.00 PM', 18, 'இரவு 12.00', ''),
(252, 'அரசு GOVT', 'திருச்சி', 'பரமக்குடி', 'திருப்பத்தூர்', '', 'சிவகங்கை', '', 'மாலை 5.45 PM', 17.45, 'இரவு 11.00', ''),
(253, 'அரசு GOVT ', 'திருச்சி', 'எடப்பாடி', 'நாமக்கல்', '', '', 'திருச்செங்கோடு', 'மாலை 5.00 PM', 17, 'இரவு 9.00 PM', ''),
(254, 'அரசு GOVT ', 'திருச்சி', 'கம்பம்', 'வத்தலகுண்டு', '', '', 'பெரியகுளம்', 'மாலை 5.35 PM', 17.35, 'இரவு 9.15 PM', ''),
(255, 'அரசு GOVT ', 'திருச்சி', 'வேலூர்', 'திருக்கோவிலூர்', '', 'திருவண்ணாமலை', '', 'மாலை 5.45 PM', 17.45, 'இரவு 11.45 PM', ''),
(256, 'அரசு GOVT ', 'திருச்சி', 'மணப்பாறை', 'ஆலம்பட்டிபுதூர்', '', 'மறவனுர்', '', 'மாலை 5.40 PM', 17.4, 'இரவு 7.20 PM', ''),
(257, 'அரசு GOVT ', 'திருச்சி', 'புதுக்கோட்டை', 'நார்த்தாமலை', '', '', '', 'மாலை 5.50 PM', 17.4, 'இரவு 7.20 PM', ''),
(258, 'அரசு GOVT ', 'திருச்சி', 'அறந்தாங்கி', 'புதுக்கோட்டை', '', '', '', 'மாலை 5.55 PM', 17.55, 'இரவு 8.10 PM', ''),
(259, 'அரசு GOVT ', 'திருச்சி', 'காரைக்குடி', 'புதுக்கோட்டை', '', '', '', 'மாலை 6.15 PM', 18.15, 'இரவு 8.00 PM', 'A / C  குளிர்சாதன வசதி'),
(260, 'PLA', 'திருச்சி', 'புதுக்கோட்டை', '', '', '', '', 'மாலை 6.00 PM', 18, 'இரவு 7.15 PM', ''),
(261, 'KRT', 'திருச்சி', 'கரூர்', '', '', '', '', 'மாலை 6.10 PM', 18.1, 'இரவு 8.00 PM', ''),
(262, 'சாரதா', 'திருச்சி', 'மணப்பாறை', '', '', '', '', 'மாலை 5.30 PM', 17.3, 'மாலை 6.45 PM', ''),
(263, 'PLA', 'திருச்சி', 'புதுக்கோட்டை', '', '', '', '', 'மாலை 5.35 PM', 17.35, 'மாலை 6.50 PM', ''),
(264, 'MRG', 'திருச்சி', 'மணப்பாறை', '', '', '', '', 'மாலை 5.25 PM', 17.25, 'மாலை 6.40 PM', ''),
(265, 'அமிர்தஸ்ரீ', 'திருச்சி', 'நாமக்கல்', '', '', '', '', 'மாலை 5.14 PM', 17.14, 'இரவு 7.05 PM', ''),
(266, 'அரசு GOVT', 'திருச்சி', 'பழனி', 'திண்டுக்கல்', 'இரவு 7.15 PM', '', '', 'மாலை 5.40 PM', 17.4, 'இரவு 8.15 PM', ''),
(267, 'அரசு GOVT', 'திருச்சி', 'பழனி', 'திண்டுக்கல்', 'இரவு 7.30 PM', '', '', 'மாலை 5.55 PM', 17.55, 'இரவு 8.30 PM', ''),
(268, 'அரசு GOVT', 'திருச்சி', 'காரைக்குடி', 'புதுக்கோட்டை', 'இரவு 6.45 PM', '', '', 'மாலை 5.30 PM', 17.3, 'இரவு 8.00 PM', ''),
(269, 'அரசு GOVT', 'திருச்சி', 'அறந்தாங்கி', 'புதுக்கோட்டை', 'இரவு 7.00 PM', '', '', 'மாலை 5.40 PM', 17.4, 'இரவு 8.15 PM', ''),
(270, 'அரசு GOVT', 'திருச்சி', 'துவரங்குறிச்சி', 'கைகாட்டி', '', '', '', 'மாலை 5.30 PM', 17.3, '', ''),
(271, 'குருபகவான்', 'தஞ்சாவூர்', 'லால்குடி', 'திருமானுர்', 'காலை 7.35 AM', 'திருமழபாடி', 'காலை 8.15 AM', 'காலை 6.40 AM', 6.4, 'காலை 9.00 AM', ''),
(272, 'குருபகவான்', 'லால்குடி', 'தஞ்சாவூர்', 'திருமழபாடி', 'காலை 10.40 AM', 'திருமானுர்', 'காலை 11.30 AM', 'காலை 9.40 AM', 9.41, 'காலை 12.15 PM', ''),
(273, 'மணிமேகலை', 'தஞ்சாவூர்', 'திருச்சி(சத்திரம்)', 'திருமழபாடி', 'காலை 9.30 AM', 'லால்குடி', 'காலை 11.00 AM', 'காலை 8.30 AM', 8.31, 'காலை 11.30 AM', ''),
(274, 'UMA', 'லால்குடி', 'பெரம்பலூர்', 'பாடாலூர்', 'இரவு 7.30 PM', 'சிறுவாச்சூர்', 'இரவு 7.45 PM', 'மாலை 6.00 PM', 18.01, 'இரவு 8.00 PM', ''),
(275, 'ESSKAY', 'திருச்சி', 'ஜெயம்கொண்டம்', 'லால்குடி', 'இரவு 9.05 PM', '', '', 'இரவு 8.30 PM', 20.31, 'இரவு 11.00PM', ''),
(276, 'UMA', 'லால்குடி', 'பெரம்பலூர்', 'பாடாலூர்', '', 'சிறுவாச்சூர்', '', 'காலை 7.35 AM', 7.35, 'காலை 9.45 AM', ''),
(277, 'UMA', 'லால்குடி', 'பெரம்பலூர்', 'பாடாலூர்', '', 'சிறுவாச்சூர்', '', 'மதியம் 1.40 PM', 13.4, 'மதியம் 3.45 PM', ''),
(278, 'திண்டுக்கல் Transports', 'கரூர்', 'திண்டுக்கல்', '', '', '', '', 'மாலை 4.40 PM', 16.41, 'மாலை 6.15 PM', ''),
(279, 'MAHARANI VKA', 'கரூர்', 'திண்டுக்கல்', '', '', '', '', 'மாலை 4.56 PM', 16.56, 'மாலை 6.30 PM', ''),
(280, 'PVT BUS', 'கரூர்', 'திண்டுக்கல்', 'வேடசந்தூர்', '', '', '', 'மாலை 4.56 PM', 16.56, 'மாலை 6.30 PM', ''),
(281, 'PT Transports', 'கரூர்', 'திண்டுக்கல்', 'வேடசந்தூர்', '', '', '', 'மாலை 5.22 PM', 17.22, 'மாலை 6.50 PM', ''),
(282, 'MAHARANI VKA', 'கரூர்', 'திண்டுக்கல்', 'குஜிலியம்பாறை', '', '', '', 'மாலை 5.24 PM', 17.24, 'மாலை 6.45 PM', ''),
(283, 'விநாயகா', 'கரூர்', 'சேலம்', 'நாமக்கல்', '', '', '', 'மாலை 4.40 PM', 16.41, 'மாலை 6.25 PM', ''),
(284, 'ஸ்ரீ கண்ணபிரான்', 'கரூர்', 'சேலம்', 'நாமக்கல்', '', '', '', 'மாலை 5.00 PM', 17.01, 'மாலை 6.45 PM', ''),
(285, 'SRT', 'கரூர்', 'சேலம்', 'நாமக்கல்', '', '', '', 'மாலை 5.20 PM', 17.21, 'மாலை 7.00 PM', ''),
(286, 'குமரன்', 'கரூர்', 'திருச்சி', 'குளித்தலை', '', '', '', 'மாலை 6.00 PM', 18.01, 'இரவு 7.40 PM', ''),
(287, 'TST', 'கரூர்', 'திருச்சி', 'குளித்தலை', '', '', '', 'மாலை 5.32 PM', 17.32, 'இரவு 7.15 PM', ''),
(288, 'RBS', 'கரூர்', 'திருச்சி', 'குளித்தலை', '', '', '', 'மாலை 5.40 PM', 17.4, 'இரவு 7.05 PM', ''),
(289, 'MMM', 'கரூர்', 'ஒட்டன் சத்திரம்', '', '', '', '', 'மாலை 5.42 PM', 17.42, 'இரவு 7.20 PM', ''),
(290, 'குமரன்', 'கரூர்', 'ஈரோடு', '', '', '', '', 'மாலை 5.42 PM', 17.42, 'இரவு 7.10 PM', ''),
(291, 'TKT', 'கரூர்', 'திருப்பூர்', '', '', '', '', 'மாலை 5.16 PM', 17.16, 'இரவு 7.10 PM', ''),
(292, 'SPT', 'கரூர்', 'துறையூர்', '', '', '', '', 'மாலை 5.10 PM', 17.1, 'இரவு 6.50 PM', ''),
(293, 'JBS', 'கரூர்', 'ஈரோடு', '', '', '', '', 'மாலை 5.05 PM', 17.05, 'இரவு 6.30 PM', ''),
(294, 'SVT', 'கரூர்', 'தாராபுரம்', '', '', '', '', 'மாலை 5.00 PM', 17, 'இரவு 6.40 PM', ''),
(295, 'MAHARANI VKA', 'கரூர்', 'பழனி', 'பள்ளப்பட்டி', '', 'ஒட்டன் சத்திரம்', '', 'மாலை 5.00 PM', 17, 'இரவு 7.15 PM', ''),
(296, 'ஸ்ரீ ஆண்டவர்', 'கரூர்', 'ஈரோடு', '', '', '', '', 'மாலை 4.50 PM', 16.5, 'மாலை 6.20 PM', ''),
(297, 'அரசு GOVT ', 'திருச்சி', 'புதுச்சேரி', 'ஜெயம்கொண்டம்', 'மாலை 6.15 PM', '', '', 'மாலை 3.45 PM', 15.45, 'இரவு 10.00 PM', ''),
(298, 'ஸ்ரீபாலாஜி', 'திருச்சி(சத்திரம்)', 'தஞ்சாவூர்', 'லால்குடி', 'காலை 11.30 AM', 'திருமானுர்', 'மதியம் 12.45 PM', 'காலை 10.55 AM', 10.55, 'மதியம் 1.35 PM', ''),
(299, 'ஸ்ரீபாலாஜி', 'திருச்சி(சத்திரம்)', 'திருமானுர்', 'லால்குடி', 'மாலை 5.15 PM', '', '', 'மாலை 4.45 PM', 16.45, 'இரவு 9.15 PM', ''),
(300, 'ஸ்ரீபாலாஜி', 'திருமானுர்', 'திருச்சி(சத்திரம்)', 'லால்குடி', 'காலை 7.20 AM', '', '', 'காலை 5.35 AM', 5.35, 'காலை 7.50 AM', ''),
(301, 'ஸ்ரீபாலாஜி', 'தஞ்சாவூர்', 'திருச்சி(சத்திரம்)', 'லால்குடி', 'மதியம் 4 PM', '', '', 'மதியம் 1.35 PM', 13.35, 'மாலை 4.35 PM', ''),
(302, 'அரசு GOVT ', 'திருச்சி', 'ஓசூர்', 'சேலம்', 'இரவு 8.50 PM', '', '', 'மாலை 5.50 PM', 17.5, 'இரவு 1.45 AM', ''),
(303, 'அரசு GOVT ', 'திருச்சி', 'மதுரை', '', '', '', '', 'காலை 5.05 AM', 5.05, 'காலை 7.15 AM', '1 TO 1'),
(304, 'KVG', 'திருச்சி(சத்திரம்)', 'தஞ்சாவூர்', 'லால்குடி', 'மாலை 5.00 PM', '', '', 'மாலை 4.25 PM', 16.25, 'மாலை 7.30 PM', '');

-- --------------------------------------------------------

--
-- Table structure for table `remedy`
--

CREATE TABLE `remedy` (
  `prob_id` int(11) NOT NULL,
  `solution` varchar(500) CHARACTER SET utf16 COLLATE utf16_general_ci NOT NULL
) ENGINE=InnoDB DEFAULT CHARSET=utf16 COLLATE=utf16_unicode_ci;

--
-- Dumping data for table `remedy`
--

INSERT INTO `remedy` (`prob_id`, `solution`) VALUES
(1, 'பூசணிக்காய் சமைத்து 3 மாதம் சாப்பிட்டு வர உடல் பருமனாகும்'),
(2, 'மாவிலையை பொடி செய்து பல் தேய்க்கவும்'),
(3, 'நார்த்தை செடி இலை கஷாயம் குடிக்கவும்'),
(4, 'வேப்பம் பூவுடன் மிளகு ஜீரகம் சேர்த்து உண்டு வரவும்'),
(5, 'இஞ்சி சாறுடன் எலுமிச்சை சாறு , தேன் கலந்து சாப்பிடவும்'),
(6, 'அருகம் புல் 30 கிராம் அரைத்து பால் கலந்து சாப்பிடவும்'),
(7, 'மலை வாழைப்பழத்தை நல்லஎண்ணெயில் சேர்த்து சாப்பிடவும்'),
(8, 'மஞ்சள் வேப்பிலை சேர்த்து அரைத்து கட்டி வரவும்'),
(9, 'வாழைப்பூவை வாரம் ஒரு நாள் கூட்டு செய்து சாப்பிடவும்'),
(10, 'வில்வ இலை பொடி தினமும் 1 ஸ்பூன் சாப்பிடவும்'),
(11, 'முற்றிய வெண்டைக்காய் சூப் குடித்து வரவும்'),
(12, 'கொழுந்து கொய்யா இலையை மென்று திங்கவும்'),
(13, 'குங்குமப்பூவை தாய்ப்பால் குழைத்து கண் மீது பற்றுப்போடவும்'),
(14, 'அகத்திகீரை சாப்பிடவும்'),
(15, 'மாதுளம் பூ இடித்து தேன் கலந்து சாப்பிடவும்'),
(16, 'ஜீரகத்தை வறுத்து பொடி செய்து  மோர் கலந்து சாப்பிடவும்'),
(17, 'வாழைப்பழம் 2 தேங்காய் 1 இரவு உணவாக உட்கொள்ளவும்'),
(18, 'அரைக்கீரை வாரம் 2 முறை சாப்பிடவும்'),
(19, 'கருவேலம் இலையை அரைத்து இரவில் ஆசன வாயில் கட்டிவரவும்'),
(20, 'தினமும் ஒரு கப் தயிர் சாப்பிட்டுவரவும்'),
(21, 'தினமும் பகல் பொழுதில் சப்போட்டா பழம் சாப்பிடவும்'),
(22, 'ஜீரக தண்ணீரை தினமும் குடிக்கவும்'),
(23, 'வெந்நீரில் தேன் கலந்து தினமும் காலையில் சாப்பிடவும்'),
(24, 'தேங்காய் பல் கொப்பளித்து குடித்து வரவும்'),
(25, 'தினமும் ஆட்டுப்பால் குடித்து வரவும்'),
(26, 'நார்த்தங்காய் ஊறுகாய் சாப்பிடவும்'),
(27, 'தேனில் ஊறவைத்த நெல்லிக்காய் தினம் ஒன்று சாப்பிடவும்'),
(28, 'குங்குமப் பூவை ஒரு சிட்டிகை தேன் கலந்து சாப்பிடவும்'),
(29, 'தினமும் இரவு ஒரு செவ்வாழை பழம் சாப்பிடவும்'),
(30, 'கொய்யா இலைகளை சிறு துண்டாக்கி வெந்நீரில் கொதிக்க வைத்து வாய் கொப்பளிக்கவும்'),
(31, 'நெல்லிக்காய்,நெல்லி ஊறுகாய், நெல்லி வத்தல் சாப்பிட்டு வரவும்'),
(32, 'துளசி இலையை கசக்கி முகத்தில் தெய்துவரவும்'),
(33, 'மாதுளம் பழம் சாப்பிட்டு வரவும்'),
(34, 'காலையில் வெந்தயத்துடன் தயிர் சாப்பிட்டு வரவும்'),
(35, 'விளாம்பழம் சாப்பிட்டு வரவும்'),
(36, 'புதினா இலை சாறு எடுத்து தேன் கலந்து குடித்துவரவும்'),
(37, 'கோவைக்காய் 2 தினமும் பச்சையாக சாப்பிடுவரவும்');

-- --------------------------------------------------------

--
-- Table structure for table `vegetables`
--

CREATE TABLE `vegetables` (
  `veg_id` int(11) NOT NULL,
  `veg_name` varchar(100) NOT NULL
) ENGINE=InnoDB DEFAULT CHARSET=utf16 COLLATE=utf16_unicode_ci;

--
-- Dumping data for table `vegetables`
--

INSERT INTO `vegetables` (`veg_id`, `veg_name`) VALUES
(1, 'தக்காளி'),
(2, 'கத்திரிக்காய்'),
(3, 'வெண்டைக்காய்'),
(4, 'சின்ன வெங்காயம்'),
(5, 'பெல்லாரி'),
(6, 'முருங்கைக்காய்'),
(7, 'பீர்க்கங்காய்'),
(8, 'சுரைக்காய்'),
(9, 'புடலங்காய்'),
(10, 'பாகற்காய்'),
(11, 'பச்சை மிளகாய்'),
(12, 'உருளை'),
(13, 'முள்ளங்கி'),
(14, 'பீன்ஸ்'),
(15, 'அவரைக்காய்'),
(16, 'கேரட்'),
(17, 'மாங்காய்'),
(18, 'பரங்கி'),
(19, 'பூசணி');

-- --------------------------------------------------------

--
-- Table structure for table `vegetables_data`
--

CREATE TABLE `vegetables_data` (
  `veg_id` int(11) NOT NULL,
  `dop` date NOT NULL,
  `price` float NOT NULL
) ENGINE=InnoDB DEFAULT CHARSET=utf16 COLLATE=utf16_unicode_ci;

--
-- Dumping data for table `vegetables_data`
--

INSERT INTO `vegetables_data` (`veg_id`, `dop`, `price`) VALUES
(1, '2025-03-21', 18),
(2, '2025-03-21', 40),
(3, '2025-03-21', 30),
(4, '2025-03-21', 46),
(5, '2025-03-21', 38),
(6, '2025-03-21', 60),
(7, '2025-03-21', 36),
(8, '2025-03-21', 16),
(9, '2025-03-21', 30),
(10, '2025-03-21', 30),
(11, '2025-03-21', 24),
(12, '2025-03-21', 45),
(13, '2025-03-21', 24),
(14, '2025-03-21', 56),
(15, '2025-03-21', 76),
(16, '2025-03-21', 50),
(17, '2025-03-21', 60),
(18, '2025-03-21', 14),
(19, '2025-03-21', 14),
(1, '2025-03-16', 16),
(2, '2025-03-16', 46),
(3, '2025-03-16', 36),
(4, '2025-03-16', 46),
(5, '2025-03-16', 40),
(6, '2025-03-16', 70),
(7, '2025-03-16', 40),
(8, '2025-03-16', 15),
(9, '2025-03-16', 36),
(10, '2025-03-16', 30),
(11, '2025-03-16', 24),
(12, '2025-03-16', 45),
(13, '2025-03-16', 24),
(14, '2025-03-16', 65),
(15, '2025-03-16', 66),
(16, '2025-03-16', 55),
(17, '2025-03-16', 60),
(1, '2025-03-22', 16),
(2, '2025-03-22', 40),
(3, '2025-03-22', 30),
(4, '2025-03-22', 46),
(5, '2025-03-22', 38),
(6, '2025-03-22', 40),
(7, '2025-03-22', 40),
(8, '2025-03-22', 16),
(9, '2025-03-22', 36),
(10, '2025-03-22', 30),
(11, '2025-03-22', 26),
(12, '2025-03-22', 45),
(13, '2025-03-22', 30),
(14, '2025-03-22', 60),
(15, '2025-03-22', 76),
(16, '2025-03-22', 50),
(17, '2025-03-22', 60),
(18, '2025-03-22', 12),
(19, '2025-03-22', 12),
(1, '2025-03-15', 16),
(2, '2025-03-15', 40),
(3, '2025-03-15', 36),
(4, '2025-03-15', 50),
(5, '2025-03-15', 40),
(6, '2025-03-15', 70),
(7, '2025-03-15', 36),
(8, '2025-03-15', 15),
(9, '2025-03-15', 30),
(10, '2025-03-15', 36),
(11, '2025-03-15', 26),
(12, '2025-03-15', 45),
(13, '2025-03-15', 24),
(14, '2025-03-15', 55),
(15, '2025-03-15', 60),
(16, '2025-03-15', 55),
(17, '2025-03-15', 70),
(18, '2025-03-15', 10),
(19, '2025-03-15', 10),
(1, '2025-03-17', 16),
(2, '2025-03-17', 46),
(3, '2025-03-17', 36),
(4, '2025-03-17', 46),
(5, '2025-03-17', 40),
(6, '2025-03-17', 70),
(7, '2025-03-17', 40),
(8, '2025-03-17', 15),
(9, '2025-03-17', 36),
(10, '2025-03-17', 30),
(11, '2025-03-17', 24),
(12, '2025-03-17', 45),
(13, '2025-03-17', 24),
(14, '2025-03-17', 65),
(15, '2025-03-17', 66),
(16, '2025-03-17', 55),
(17, '2025-03-17', 60),
(1, '2025-03-19', 16),
(2, '2025-03-19', 50),
(3, '2025-03-19', 36),
(4, '2025-03-19', 46),
(5, '2025-03-19', 38),
(6, '2025-03-19', 70),
(7, '2025-03-19', 40),
(8, '2025-03-19', 15),
(9, '2025-03-19', 36),
(10, '2025-03-19', 30),
(11, '2025-03-19', 28),
(12, '2025-03-19', 45),
(13, '2025-03-19', 26),
(14, '2025-03-19', 65),
(15, '2025-03-19', 90),
(16, '2025-03-19', 50),
(17, '2025-03-19', 60),
(18, '2025-03-19', 15),
(19, '2025-03-19', 15),
(1, '2025-03-23', 16),
(2, '2025-03-23', 40),
(3, '2025-03-23', 36),
(4, '2025-03-23', 44),
(5, '2025-03-23', 38),
(6, '2025-03-23', 40),
(7, '2025-03-23', 40),
(8, '2025-03-23', 16),
(9, '2025-03-23', 36),
(10, '2025-03-23', 30),
(11, '2025-03-23', 30),
(12, '2025-03-23', 40),
(13, '2025-03-23', 30),
(14, '2025-03-23', 65),
(15, '2025-03-23', 76),
(16, '2025-03-23', 55),
(17, '2025-03-23', 50),
(18, '2025-03-23', 15),
(19, '2025-03-23', 15),
(1, '2025-03-24', 16),
(2, '2025-03-24', 40),
(3, '2025-03-24', 36),
(4, '2025-03-24', 44),
(5, '2025-03-24', 38),
(6, '2025-03-24', 40),
(7, '2025-03-24', 40),
(8, '2025-03-24', 16),
(9, '2025-03-24', 36),
(10, '2025-03-24', 30),
(11, '2025-03-24', 30),
(12, '2025-03-24', 40),
(13, '2025-03-24', 30),
(14, '2025-03-24', 65),
(15, '2025-03-24', 76),
(16, '2025-03-24', 55),
(17, '2025-03-24', 50),
(18, '2025-03-24', 15),
(19, '2025-03-24', 15),
(1, '2025-03-25', 16),
(2, '2025-03-25', 46),
(3, '2025-03-25', 36),
(4, '2025-03-25', 46),
(5, '2025-03-25', 38),
(6, '2025-03-25', 70),
(7, '2025-03-25', 35),
(8, '2025-03-25', 20),
(9, '2025-03-25', 30),
(10, '2025-03-25', 35),
(11, '2025-03-25', 26),
(12, '2025-03-25', 40),
(13, '2025-03-25', 26),
(14, '2025-03-25', 65),
(15, '2025-03-25', 76),
(16, '2025-03-25', 55),
(17, '2025-03-25', 50),
(1, '2025-03-26', 16),
(2, '2025-03-26', 46),
(3, '2025-03-26', 36),
(4, '2025-03-26', 44),
(5, '2025-03-26', 38),
(6, '2025-03-26', 36),
(7, '2025-03-26', 36),
(8, '2025-03-26', 20),
(9, '2025-03-26', 30),
(10, '2025-03-26', 36),
(11, '2025-03-26', 26),
(12, '2025-03-26', 40),
(13, '2025-03-26', 26),
(14, '2025-03-26', 70),
(15, '2025-03-26', 76),
(16, '2025-03-26', 55),
(17, '2025-03-26', 50),
(18, '2025-03-26', 15),
(19, '2025-03-26', 15),
(1, '2025-03-28', 15),
(2, '2025-03-28', 50),
(3, '2025-03-28', 36),
(4, '2025-03-28', 40),
(5, '2025-03-28', 38),
(6, '2025-03-28', 35),
(7, '2025-03-28', 36),
(8, '2025-03-28', 16),
(9, '2025-03-28', 26),
(10, '2025-03-28', 30),
(11, '2025-03-28', 24),
(12, '2025-03-28', 40),
(13, '2025-03-28', 24),
(14, '2025-03-28', 76),
(15, '2025-03-28', 80),
(16, '2025-03-28', 48),
(17, '2025-03-28', 45),
(18, '2025-03-28', 14),
(19, '2025-03-28', 14),
(1, '2025-03-29', 15),
(2, '2025-03-29', 56),
(3, '2025-03-29', 36),
(4, '2025-03-29', 40),
(5, '2025-03-29', 38),
(6, '2025-03-29', 35),
(7, '2025-03-29', 36),
(8, '2025-03-29', 20),
(9, '2025-03-29', 36),
(10, '2025-03-29', 35),
(11, '2025-03-29', 30),
(12, '2025-03-29', 40),
(13, '2025-03-29', 30),
(14, '2025-03-29', 80),
(15, '2025-03-29', 86),
(16, '2025-03-29', 50),
(1, '2025-03-30', 15),
(2, '2025-03-30', 56),
(3, '2025-03-30', 36),
(4, '2025-03-30', 40),
(5, '2025-03-30', 38),
(6, '2025-03-30', 35),
(7, '2025-03-30', 36),
(8, '2025-03-30', 16),
(9, '2025-03-30', 30),
(10, '2025-03-30', 36),
(11, '2025-03-30', 35),
(12, '2025-03-30', 40),
(13, '2025-03-30', 26),
(14, '2025-03-30', 90),
(15, '2025-03-30', 96),
(16, '2025-03-30', 50),
(17, '2025-03-30', 40),
(18, '2025-03-30', 15),
(19, '2025-03-30', 15),
(1, '2025-03-31', 15),
(2, '2025-03-31', 56),
(3, '2025-03-31', 36),
(4, '2025-03-31', 40),
(5, '2025-03-31', 38),
(6, '2025-03-31', 35),
(7, '2025-03-31', 36),
(8, '2025-03-31', 16),
(9, '2025-03-31', 30),
(10, '2025-03-31', 36),
(11, '2025-03-31', 35),
(12, '2025-03-31', 40),
(12, '2025-03-31', 26),
(14, '2025-03-31', 90),
(15, '2025-03-31', 96),
(16, '2025-03-31', 50),
(17, '2025-03-31', 40),
(18, '2025-03-31', 15),
(19, '2025-03-31', 15),
(1, '2025-04-01', 15),
(2, '2025-04-01', 56),
(3, '2025-04-01', 36),
(4, '2025-04-01', 40),
(5, '2025-04-01', 38),
(6, '2025-04-01', 35),
(7, '2025-04-01', 36),
(8, '2025-04-01', 16),
(9, '2025-04-01', 30),
(10, '2025-04-01', 36),
(11, '2025-04-01', 35),
(12, '2025-04-01', 40),
(13, '2025-04-01', 26),
(14, '2025-04-01', 90),
(15, '2025-04-01', 96),
(16, '2025-04-01', 50),
(17, '2025-04-01', 40),
(18, '2025-04-01', 15),
(19, '2025-04-01', 15),
(1, '2025-04-02', 25),
(2, '2025-04-02', 56),
(3, '2025-04-02', 36),
(4, '2025-04-02', 48),
(5, '2025-04-02', 38),
(6, '2025-04-02', 36),
(7, '2025-04-02', 36),
(8, '2025-04-02', 15),
(9, '2025-04-02', 30),
(10, '2025-04-02', 28),
(11, '2025-04-02', 35),
(12, '2025-04-02', 40),
(13, '2025-04-02', 30),
(14, '2025-04-02', 130),
(15, '2025-04-02', 110),
(16, '2025-04-02', 55),
(17, '2025-04-02', 46),
(18, '2025-04-02', 12),
(19, '2025-04-02', 12),
(1, '2025-04-03', 18),
(2, '2025-04-03', 50),
(3, '2025-04-03', 30),
(4, '2025-04-03', 48),
(5, '2025-04-03', 38),
(6, '2025-04-03', 30),
(7, '2025-04-03', 40),
(8, '2025-04-03', 16),
(9, '2025-04-03', 30),
(10, '2025-04-03', 30),
(11, '2025-04-03', 26),
(12, '2025-04-03', 40),
(13, '2025-04-03', 26),
(14, '2025-04-03', 120),
(15, '2025-04-03', 80),
(16, '2025-04-03', 48),
(17, '2025-04-03', 45),
(18, '2025-04-03', 12),
(19, '2025-04-03', 12),
(1, '2025-04-10', 18),
(2, '2025-04-10', 40),
(3, '2025-04-10', 40),
(4, '2025-04-10', 48),
(5, '2025-04-10', 38),
(6, '2025-04-10', 36),
(7, '2025-04-10', 40),
(8, '2025-04-10', 15),
(9, '2025-04-10', 30),
(10, '2025-04-10', 30),
(11, '2025-04-10', 30),
(12, '2025-04-10', 44),
(13, '2025-04-10', 36),
(14, '2025-04-10', 75),
(15, '2025-04-10', 80),
(16, '2025-04-10', 45),
(17, '2025-04-10', 36),
(18, '2025-04-10', 12),
(19, '2025-04-10', 12),
(1, '2025-04-07', 18),
(2, '2025-04-07', 40),
(3, '2025-04-07', 36),
(4, '2025-04-07', 48),
(5, '2025-04-07', 38),
(6, '2025-04-07', 26),
(7, '2025-04-07', 40),
(8, '2025-04-07', 10),
(9, '2025-04-07', 30),
(10, '2025-04-07', 30),
(11, '2025-04-07', 30),
(12, '2025-04-07', 40),
(13, '2025-04-07', 26),
(14, '2025-04-07', 85),
(15, '2025-04-07', 76),
(16, '2025-04-07', 48),
(17, '2025-04-07', 40),
(18, '2025-04-07', 10),
(19, '2025-04-07', 10);

--
-- Indexes for dumped tables
--

--
-- Indexes for table `bus_routes`
--
ALTER TABLE `bus_routes`
  ADD PRIMARY KEY (`route_id`);

--
-- Indexes for table `vegetables`
--
ALTER TABLE `vegetables`
  ADD PRIMARY KEY (`veg_id`);

--
-- AUTO_INCREMENT for dumped tables
--

--
-- AUTO_INCREMENT for table `bus_routes`
--
ALTER TABLE `bus_routes`
  MODIFY `route_id` int(11) NOT NULL AUTO_INCREMENT, AUTO_INCREMENT=305;

--
-- AUTO_INCREMENT for table `vegetables`
--
ALTER TABLE `vegetables`
  MODIFY `veg_id` int(11) NOT NULL AUTO_INCREMENT, AUTO_INCREMENT=20;
COMMIT;

/*!40101 SET CHARACTER_SET_CLIENT=@OLD_CHARACTER_SET_CLIENT */;
/*!40101 SET CHARACTER_SET_RESULTS=@OLD_CHARACTER_SET_RESULTS */;
/*!40101 SET COLLATION_CONNECTION=@OLD_COLLATION_CONNECTION */;
